Ano;fmun;Fundamental_Aprovação;Ensino_médio_aprovação;Fundamental_Reprovação;Ensino_médio_Reprovação;Fundamental_Abandono;Ensino_médio_abandono
2022;Angra dos Reis;90.2;81.2;9.1;12.8;0.7;6.0
2022;Aperibé;96.7;96.4;3.3;3.6;0.0;0.0
2022;Araruama;85.8;85.9;13.2;8.8;1.0;5.3
2022;Areal;91.8;87.8;8.1;6.5;0.1;5.7
2022;Armação dos Búzios;86.0;73.6;13.3;18.0;0.7;8.4
2022;Arraial do Cabo;86.1;94.0;13.0;4.7;0.9;1.3
2022;Barra do Piraí;88.2;87.1;11.3;8.1;0.5;4.8
2022;Barra Mansa;89.4;92.9;10.1;6.1;0.5;1.0
2022;Belford Roxo;90.0;83.8;8.1;9.3;1.9;6.9
2022;Bom Jardim;89.3;89.4;10.3;9.2;0.4;1.4
2022;Bom Jesus do Itabapoana;94.6;90.9;5.3;8.4;0.1;0.7
2022;Cabo Frio;84.1;85.9;13.8;9.8;2.1;4.3
2022;Cachoeiras de Macacu;83.9;90.2;14.9;6.6;1.2;3.2
2022;Cambuci;95.4;86.5;4.5;13.5;0.1;0.0
2022;Carapebus;93.2;94.1;6.5;5.6;0.3;0.3
2022;Comendador Levy Gasparian;85.6;87.3;14.3;9.0;0.1;3.7
2022;Campos dos Goytacazes;91.2;86.4;7.0;10.8;1.8;2.8
2022;Cantagalo;88.1;94.0;11.5;4.8;0.4;1.2
2022;Cardoso Moreira;89.4;93.4;9.7;4.4;0.9;2.2
2022;Carmo;90.3;98.2;9.4;1.8;0.3;0.0
2022;Casimiro de Abreu;90.8;86.2;8.8;8.1;0.4;5.7
2022;Conceição de Macabu;90.3;88.6;9.5;8.6;0.2;2.8
2022;Cordeiro;98.3;97.1;1.7;2.1;0.0;0.8
2022;Duas Barras;86.9;96.0;12.4;3.6;0.7;0.4
2022;Duque de Caxias;88.3;80.9;10.3;11.5;1.4;7.6
2022;Engenheiro Paulo de Frontin;91.2;95.7;8.7;2.5;0.1;1.8
2022;Guapimirim;87.8;88.4;11.8;7.5;0.4;4.1
2022;Iguaba Grande;92.5;87.1;7.2;9.1;0.3;3.8
2022;Itaboraí;87.8;85.1;11.0;10.6;1.2;4.3
2022;Itaguaí;87.6;87.4;11.3;6.7;1.1;5.9
2022;Italva;92.7;95.9;6.8;4.1;0.5;0.0
2022;Itaocara;91.7;90.6;8.0;9.3;0.3;0.1
2022;Itaperuna;92.7;93.8;7.2;4.8;0.1;1.4
2022;Itatiaia;86.7;87.0;12.3;8.2;1.0;4.8
2022;Japeri;88.7;85.1;9.7;7.9;1.6;7.0
2022;Laje do Muriaé;91.8;94.0;7.9;4.2;0.3;1.8
2022;Macaé;90.7;84.5;8.5;12.6;0.8;2.9
2022;Macuco;88.1;93.0;11.6;3.0;0.3;4.0
2022;Magé;89.4;83.5;10.1;10.1;0.5;6.4
2022;Mangaratiba;88.2;86.2;11.8;9.3;0.0;4.5
2022;Maricá;97.9;81.1;2.1;12.1;0.0;6.8
2022;Mendes;93.5;84.2;6.2;12.5;0.3;3.3
2022;Mesquita;90.0;79.2;8.8;14.4;1.2;6.4
2022;Miguel Pereira;92.6;94.5;7.4;3.9;0.0;1.6
2022;Miracema;91.3;92.6;8.7;6.6;0.0;0.8
2022;Natividade;97.7;95.8;2.1;4.2;0.2;0.0
2022;Nilópolis;95.0;83.6;4.2;11.6;0.8;4.8
2022;Niterói;91.6;83.4;7.7;13.2;0.7;3.4
2022;Nova Friburgo;89.2;88.2;10.4;8.5;0.4;3.3
2022;Nova Iguaçu;90.7;85.7;8.0;8.2;1.3;6.1
2022;Paracambi;90.7;87.7;8.5;8.6;0.8;3.7
2022;Paraíba do Sul;93.4;91.4;6.3;5.7;0.3;2.9
2022;Paraty;91.1;82.1;8.0;11.1;0.9;6.8
2022;Paty do Alferes;90.2;84.0;9.4;12.0;0.4;4.0
2022;Petrópolis;90.4;86.9;8.6;8.6;1.0;4.5
2022;Pinheiral;87.1;91.8;12.2;7.6;0.7;0.6
2022;Piraí;90.7;81.2;9.1;9.9;0.2;8.9
2022;Porciúncula;92.1;96.8;7.3;2.5;0.6;0.7
2022;Porto Real;96.3;87.9;3.7;8.2;0.0;3.9
2022;Quatis;96.7;80.5;3.2;15.3;0.1;4.2
2022;Queimados;89.7;84.7;9.3;11.5;1.0;3.8
2022;Quissamã;89.7;79.4;9.7;15.8;0.6;4.8
2022;Resende;93.8;86.9;5.8;10.2;0.4;2.9
2022;Rio Bonito;90.8;86.7;8.7;10.2;0.5;3.1
2022;Rio Claro;93.8;94.4;5.6;3.5;0.6;2.1
2022;Rio das Flores;92.2;89.1;7.8;10.0;0.0;0.9
2022;Rio das Ostras;93.6;88.1;6.0;11.3;0.4;0.6
2022;Rio de Janeiro;96.2;79.4;3.3;14.2;0.5;6.4
2022;Santa Maria Madalena;88.2;94.5;11.3;2.0;0.5;3.5
2022;Santo Antônio de Pádua;94.4;95.9;5.4;3.9;0.2;0.2
2022;São Francisco de Itabapoana;84.0;83.3;15.1;13.2;0.9;3.5
2022;São Fidélis;86.7;89.2;13.2;10.4;0.1;0.4
2022;São Gonçalo;87.3;83.1;11.1;12.5;1.6;4.4
2022;São João da Barra;84.5;89.3;13.1;8.7;2.4;2.0
2022;São João de Meriti;91.5;84.9;7.1;9.7;1.4;5.4
2022;São José de Ubá;97.1;94.9;2.9;5.1;0.0;0.0
2022;São José do Vale do Rio Preto;86.1;91.2;12.9;4.5;1.0;4.3
2022;São Pedro da Aldeia;85.0;84.9;13.9;8.4;1.1;6.7
2022;São Sebastião do Alto;80.6;92.7;19.2;6.1;0.2;1.2
2022;Sapucaia;86.7;93.9;13.1;5.7;0.2;0.4
2022;Saquarema;91.3;84.1;8.3;11.8;0.4;4.1
2022;Seropédica;89.2;89.8;9.9;7.5;0.9;2.7
2022;Silva Jardim;84.8;80.9;14.3;10.9;0.9;8.2
2022;Sumidouro;84.5;91.6;15.5;6.5;0.0;1.9
2022;Tanguá;85.1;79.5;14.2;15.8;0.7;4.7
2022;Teresópolis;95.2;87.6;4.7;9.8;0.1;2.6
2022;Trajano de Moraes;94.7;96.1;5.1;1.3;0.2;2.6
2022;Três Rios;91.7;89.8;7.3;6.0;1.0;4.2
2022;Valença;87.6;95.1;12.0;3.2;0.4;1.7
2022;Varre-Sai;94.4;89.9;5.6;10.1;0.0;0.0
2022;Vassouras;89.7;84.8;10.2;14.2;0.1;1.0
2022;Volta Redonda;92.3;89.9;7.2;8.1;0.5;2.0
2021;Angra dos Reis;98.2;90.2;0.6;8.1;1.2;1.7
2021;Aperibé;99.7;99.1;0.3;0.9;0.0;0.0
2021;Araruama;94.8;91.6;4.2;4.4;1.0;4.0
2021;Areal;99.9;97.8;0.1;2.2;0.0;0.0
2021;Armação dos Búzios;93.0;84.9;5.4;10.1;1.6;5.0
2021;Arraial do Cabo;94.5;96.9;5.0;3.0;0.5;0.1
2021;Barra do Piraí;97.9;97.3;2.0;1.8;0.1;0.9
2021;Barra Mansa;99.1;97.0;0.6;2.4;0.3;0.6
2021;Belford Roxo;94.8;92.2;1.4;3.7;3.8;4.1
2021;Bom Jardim;90.9;95.1;8.2;4.5;0.9;0.4
2021;Bom Jesus do Itabapoana;98.2;93.0;1.8;6.9;0.0;0.1
2021;Cabo Frio;95.0;89.9;2.0;7.7;3.0;2.4
2021;Cachoeiras de Macacu;95.0;95.4;0.8;1.6;4.2;3.0
2021;Cambuci;99.6;93.2;0.4;5.9;0.0;0.9
2021;Carapebus;98.6;93.3;0.9;6.7;0.5;0.0
2021;Comendador Levy Gasparian;99.5;99.5;0.5;0.5;0.0;0.0
2021;Campos dos Goytacazes;93.2;93.4;1.0;4.6;5.8;2.0
2021;Cantagalo;96.5;100.0;3.5;0.0;0.0;0.0
2021;Cardoso Moreira;95.3;88.8;4.5;9.6;0.2;1.6
2021;Carmo;99.1;98.2;0.6;1.6;0.3;0.2
2021;Casimiro de Abreu;99.5;92.7;0.3;5.8;0.2;1.5
2021;Conceição de Macabu;98.2;94.8;1.6;2.6;0.2;2.6
2021;Cordeiro;99.8;99.4;0.2;0.3;0.0;0.3
2021;Duas Barras;96.1;94.5;0.8;2.3;3.1;3.2
2021;Duque de Caxias;90.6;91.9;7.8;5.7;1.6;2.4
2021;Engenheiro Paulo de Frontin;100.0;98.1;0.0;0.8;0.0;1.1
2021;Guapimirim;98.7;94.8;0.6;4.7;0.7;0.5
2021;Iguaba Grande;99.6;92.9;0.3;3.9;0.1;3.2
2021;Itaboraí;95.5;94.2;3.7;5.5;0.8;0.3
2021;Itaguaí;98.0;90.5;1.4;5.0;0.6;4.5
2021;Italva;94.7;97.4;3.0;2.3;2.3;0.3
2021;Itaocara;94.7;99.4;5.2;0.3;0.1;0.3
2021;Itaperuna;98.0;97.3;1.7;2.5;0.3;0.2
2021;Itatiaia;96.6;96.6;2.8;0.6;0.6;2.8
2021;Japeri;95.8;96.0;3.1;1.8;1.1;2.2
2021;Laje do Muriaé;99.7;99.1;0.3;0.4;0.0;0.5
2021;Macaé;96.5;91.0;3.3;6.0;0.2;3.0
2021;Macuco;97.6;97.0;2.0;0.3;0.4;2.7
2021;Magé;96.9;95.1;2.7;3.0;0.4;1.9
2021;Mangaratiba;98.5;91.0;1.4;3.0;0.1;6.0
2021;Maricá;99.7;91.1;0.3;7.9;0.0;1.0
2021;Mendes;99.6;97.1;0.4;1.5;0.0;1.4
2021;Mesquita;96.7;87.3;1.6;10.4;1.7;2.3
2021;Miguel Pereira;96.0;97.9;4.0;1.8;0.0;0.3
2021;Miracema;99.8;99.3;0.1;0.7;0.1;0.0
2021;Natividade;99.3;100.0;0.7;0.0;0.0;0.0
2021;Nilópolis;98.7;94.3;0.9;3.9;0.4;1.8
2021;Niterói;97.9;91.7;1.1;6.1;1.0;2.2
2021;Nova Friburgo;91.4;96.4;8.4;2.7;0.2;0.9
2021;Nova Iguaçu;97.5;93.5;1.5;3.8;1.0;2.7
2021;Paracambi;91.6;89.0;6.2;8.1;2.2;2.9
2021;Paraíba do Sul;99.5;96.2;0.5;3.0;0.0;0.8
2021;Paraty;93.0;89.8;6.0;9.7;1.0;0.5
2021;Paty do Alferes;94.9;94.1;5.1;4.0;0.0;1.9
2021;Petrópolis;91.6;93.5;7.9;3.9;0.5;2.6
2021;Pinheiral;92.7;96.1;7.0;2.2;0.3;1.7
2021;Piraí;99.5;97.6;0.5;2.3;0.0;0.1
2021;Porciúncula;96.3;97.9;3.5;1.7;0.2;0.4
2021;Porto Real;99.3;87.4;0.5;5.9;0.2;6.7
2021;Quatis;99.9;82.0;0.1;11.7;0.0;6.3
2021;Queimados;98.1;95.5;1.0;3.1;0.9;1.4
2021;Quissamã;93.6;86.4;6.4;10.8;0.0;2.8
2021;Resende;95.1;93.5;4.7;4.8;0.2;1.7
2021;Rio Bonito;93.8;93.6;5.3;3.5;0.9;2.9
2021;Rio Claro;98.0;99.0;1.8;0.0;0.2;1.0
2021;Rio das Flores;99.8;92.7;0.1;6.4;0.1;0.9
2021;Rio das Ostras;99.5;93.5;0.4;5.7;0.1;0.8
2021;Rio de Janeiro;98.5;93.5;1.2;4.8;0.3;1.7
2021;Santa Maria Madalena;87.2;100.0;11.5;0.0;1.3;0.0
2021;Santo Antônio de Pádua;99.9;99.1;0.0;0.8;0.1;0.1
2021;São Francisco de Itabapoana;97.0;97.3;0.1;1.3;2.9;1.4
2021;São Fidélis;95.5;95.3;4.5;3.0;0.0;1.7
2021;São Gonçalo;94.8;93.6;3.6;5.6;1.6;0.8
2021;São João da Barra;83.9;91.6;14.0;7.5;2.1;0.9
2021;São João de Meriti;93.9;94.1;4.4;3.6;1.7;2.3
2021;São José de Ubá;99.2;96.5;0.8;3.5;0.0;0.0
2021;São José do Vale do Rio Preto;95.9;99.4;4.0;0.2;0.1;0.4
2021;São Pedro da Aldeia;98.2;93.5;1.3;5.6;0.5;0.9
2021;São Sebastião do Alto;99.4;99.5;0.2;0.5;0.4;0.0
2021;Sapucaia;98.4;98.1;1.6;1.9;0.0;0.0
2021;Saquarema;94.8;88.4;4.8;8.5;0.4;3.1
2021;Seropédica;99.7;92.5;0.0;4.7;0.3;2.8
2021;Silva Jardim;95.0;99.0;5.0;0.3;0.0;0.7
2021;Sumidouro;98.4;96.4;1.4;0.4;0.2;3.2
2021;Tanguá;96.4;87.2;2.6;12.6;1.0;0.2
2021;Teresópolis;99.5;95.4;0.3;3.4;0.2;1.2
2021;Trajano de Moraes;99.8;100.0;0.0;0.0;0.2;0.0
2021;Três Rios;98.2;98.0;1.5;1.7;0.3;0.3
2021;Valença;90.7;95.2;7.8;4.1;1.5;0.7
2021;Varre-Sai;94.6;98.2;5.4;1.8;0.0;0.0
2021;Vassouras;99.0;94.4;0.9;4.7;0.1;0.9
2021;Volta Redonda;97.5;95.8;1.4;3.0;1.1;1.2
2020;Angra dos Reis;97.7;82.7;2.1;17.1;0.2;0.2
2020;Aperibé;99.7;94.5;0.3;5.5;0.0;0.0
2020;Araruama;99.4;93.3;0.4;6.6;0.2;0.1
2020;Areal;100.0;100.0;0.0;0.0;0.0;0.0
2020;Armação dos Búzios;99.4;83.6;0.5;16.2;0.1;0.2
2020;Arraial do Cabo;96.6;96.4;0.7;3.6;2.7;0.0
2020;Barra do Piraí;99.3;97.3;0.6;2.6;0.1;0.1
2020;Barra Mansa;98.9;93.2;0.6;6.8;0.5;0.0
2020;Belford Roxo;96.4;92.4;1.5;7.5;2.1;0.1
2020;Bom Jardim;99.4;99.2;0.3;0.4;0.3;0.4
2020;Bom Jesus do Itabapoana;99.8;92.1;0.1;6.5;0.1;1.4
2020;Cabo Frio;99.0;94.0;0.5;5.3;0.5;0.7
2020;Cachoeiras de Macacu;87.5;96.3;1.1;1.7;11.4;2.0
2020;Cambuci;99.5;94.2;0.1;4.6;0.4;1.2
2020;Carapebus;98.4;88.0;0.9;12.0;0.7;0.0
2020;Comendador Levy Gasparian;98.1;100.0;1.9;0.0;0.0;0.0
2020;Campos dos Goytacazes;93.3;90.9;2.5;8.7;4.2;0.4
2020;Cantagalo;97.4;100.0;2.4;0.0;0.2;0.0
2020;Cardoso Moreira;91.9;77.7;1.7;22.3;6.4;0.0
2020;Carmo;99.7;99.6;0.0;0.4;0.3;0.0
2020;Casimiro de Abreu;99.3;97.6;0.4;1.9;0.3;0.5
2020;Conceição de Macabu;98.4;95.4;1.1;4.5;0.5;0.1
2020;Cordeiro;99.2;99.4;0.3;0.4;0.5;0.2
2020;Duas Barras;96.3;100.0;0.1;0.0;3.6;0.0
2020;Duque de Caxias;95.2;89.4;1.7;9.3;3.1;1.3
2020;Engenheiro Paulo de Frontin;99.9;96.9;0.1;2.5;0.0;0.6
2020;Guapimirim;98.9;98.8;0.2;1.1;0.9;0.1
2020;Iguaba Grande;99.6;97.8;0.1;1.1;0.3;1.1
2020;Itaboraí;98.1;89.4;0.9;10.2;1.0;0.4
2020;Itaguaí;98.4;95.0;0.9;4.5;0.7;0.5
2020;Italva;90.6;97.6;3.6;2.4;5.8;0.0
2020;Itaocara;98.9;97.2;1.0;2.8;0.1;0.0
2020;Itaperuna;99.3;97.5;0.7;2.4;0.0;0.1
2020;Itatiaia;99.5;99.5;0.4;0.5;0.1;0.0
2020;Japeri;99.3;96.5;0.1;3.3;0.6;0.2
2020;Laje do Muriaé;99.5;94.3;0.5;5.7;0.0;0.0
2020;Macaé;94.3;87.5;0.2;12.1;5.5;0.4
2020;Macuco;99.9;100.0;0.0;0.0;0.1;0.0
2020;Magé;99.2;95.2;0.4;4.3;0.4;0.5
2020;Mangaratiba;98.0;89.2;0.1;10.7;1.9;0.1
2020;Maricá;99.6;96.9;0.2;2.7;0.2;0.4
2020;Mendes;99.7;97.0;0.3;3.0;0.0;0.0
2020;Mesquita;95.7;86.7;2.2;13.1;2.1;0.2
2020;Miguel Pereira;99.7;98.3;0.2;1.5;0.1;0.2
2020;Miracema;97.4;96.2;2.6;3.8;0.0;0.0
2020;Natividade;99.9;100.0;0.0;0.0;0.1;0.0
2020;Nilópolis;97.1;91.2;1.3;8.0;1.6;0.8
2020;Niterói;98.7;97.3;0.9;2.4;0.4;0.3
2020;Nova Friburgo;99.0;98.7;0.5;0.8;0.5;0.5
2020;Nova Iguaçu;97.1;93.6;1.7;6.0;1.2;0.4
2020;Paracambi;97.3;94.3;0.3;4.9;2.4;0.8
2020;Paraíba do Sul;99.9;99.1;0.0;0.9;0.1;0.0
2020;Paraty;97.2;84.8;2.3;14.7;0.5;0.5
2020;Paty do Alferes;99.6;83.8;0.4;16.2;0.0;0.0
2020;Petrópolis;99.5;96.8;0.2;2.7;0.3;0.5
2020;Pinheiral;99.4;96.8;0.2;3.2;0.4;0.0
2020;Piraí;99.8;90.5;0.2;9.5;0.0;0.0
2020;Porciúncula;98.1;95.7;1.5;3.4;0.4;0.9
2020;Porto Real;97.4;75.6;2.5;24.4;0.1;0.0
2020;Quatis;99.6;73.5;0.4;26.5;0.0;0.0
2020;Queimados;97.0;88.7;2.1;11.3;0.9;0.0
2020;Quissamã;93.1;87.9;6.9;11.2;0.0;0.9
2020;Resende;97.4;88.7;2.6;11.2;0.0;0.1
2020;Rio Bonito;99.6;99.0;0.2;0.8;0.2;0.2
2020;Rio Claro;98.4;86.5;1.3;13.1;0.3;0.4
2020;Rio das Flores;99.8;92.8;0.2;7.2;0.0;0.0
2020;Rio das Ostras;99.1;85.7;0.4;13.9;0.5;0.4
2020;Rio de Janeiro;99.1;90.3;0.4;9.1;0.5;0.6
2020;Santa Maria Madalena;93.7;100.0;4.6;0.0;1.7;0.0
2020;Santo Antônio de Pádua;99.8;94.7;0.0;5.1;0.2;0.2
2020;São Francisco de Itabapoana;87.7;85.3;0.1;14.3;12.2;0.4
2020;São Fidélis;99.2;95.3;0.6;4.7;0.2;0.0
2020;São Gonçalo;94.4;91.1;2.8;8.4;2.8;0.5
2020;São João da Barra;99.4;88.9;0.1;11.0;0.5;0.1
2020;São João de Meriti;94.2;91.9;2.8;7.7;3.0;0.4
2020;São José de Ubá;99.2;98.7;0.5;1.3;0.3;0.0
2020;São José do Vale do Rio Preto;96.0;99.6;2.0;0.4;2.0;0.0
2020;São Pedro da Aldeia;99.0;96.8;0.5;3.1;0.5;0.1
2020;São Sebastião do Alto;100.0;100.0;0.0;0.0;0.0;0.0
2020;Sapucaia;99.3;99.3;0.3;0.6;0.4;0.1
2020;Saquarema;98.8;92.2;0.0;7.5;1.2;0.3
2020;Seropédica;98.8;96.7;0.2;1.8;1.0;1.5
2020;Silva Jardim;98.7;97.6;1.3;2.2;0.0;0.2
2020;Sumidouro;97.5;100.0;2.2;0.0;0.3;0.0
2020;Tanguá;99.3;93.8;0.0;5.9;0.7;0.3
2020;Teresópolis;99.8;98.5;0.1;1.5;0.1;0.0
2020;Trajano de Moraes;100.0;100.0;0.0;0.0;0.0;0.0
2020;Três Rios;97.5;97.5;1.7;1.4;0.8;1.1
2020;Valença;99.5;99.1;0.1;0.9;0.4;0.0
2020;Varre-Sai;99.5;100.0;0.5;0.0;0.0;0.0
2020;Vassouras;98.9;93.7;1.0;6.2;0.1;0.1
2020;Volta Redonda;95.5;88.4;1.0;10.9;3.5;0.7
2019;Angra dos Reis;87.5;85.8;11.5;10.1;1.0;4.1
2019;Aperibé;90.1;95.9;9.7;4.1;0.2;0.0
2019;Araruama;87.9;85.0;11.3;9.6;0.8;5.4
2019;Areal;90.0;88.6;9.8;8.8;0.2;2.6
2019;Armação dos Búzios;87.8;67.1;10.7;25.2;1.5;7.7
2019;Arraial do Cabo;89.6;87.8;10.2;10.0;0.2;2.2
2019;Barra do Piraí;87.0;87.9;12.3;8.4;0.7;3.7
2019;Barra Mansa;86.4;86.4;12.9;10.6;0.7;3.0
2019;Belford Roxo;89.1;84.6;8.7;8.9;2.2;6.5
2019;Bom Jardim;84.9;86.6;14.4;10.5;0.7;2.9
2019;Bom Jesus do Itabapoana;94.5;89.6;5.1;9.0;0.4;1.4
2019;Cabo Frio;82.5;81.9;14.7;12.4;2.8;5.7
2019;Cachoeiras de Macacu;90.2;89.1;9.1;8.4;0.7;2.5
2019;Cambuci;95.3;92.5;4.6;6.6;0.1;0.9
2019;Carapebus;90.3;91.2;9.5;8.8;0.2;0.0
2019;Comendador Levy Gasparian;87.2;86.6;12.6;7.5;0.2;5.9
2019;Campos dos Goytacazes;84.5;84.4;13.7;12.0;1.8;3.6
2019;Cantagalo;87.4;86.3;11.9;11.8;0.7;1.9
2019;Cardoso Moreira;82.3;89.3;16.5;6.5;1.2;4.2
2019;Carmo;88.2;93.2;11.2;6.8;0.6;0.0
2019;Casimiro de Abreu;88.4;85.2;11.0;9.2;0.6;5.6
2019;Conceição de Macabu;91.3;89.5;7.3;6.2;1.4;4.3
2019;Cordeiro;91.4;89.0;8.6;8.3;0.0;2.7
2019;Duas Barras;84.9;95.3;14.9;3.7;0.2;1.0
2019;Duque de Caxias;87.0;82.0;11.4;10.5;1.6;7.5
2019;Engenheiro Paulo de Frontin;93.4;92.5;6.4;4.2;0.2;3.3
2019;Guapimirim;82.8;81.8;16.4;13.9;0.8;4.3
2019;Iguaba Grande;92.1;78.8;7.7;13.8;0.2;7.4
2019;Itaboraí;87.7;80.4;11.1;13.1;1.2;6.5
2019;Itaguaí;83.1;86.2;15.4;8.7;1.5;5.1
2019;Italva;88.4;96.4;11.1;3.0;0.5;0.6
2019;Itaocara;91.5;94.6;8.3;5.2;0.2;0.2
2019;Itaperuna;93.5;92.0;6.4;7.7;0.1;0.3
2019;Itatiaia;84.3;86.2;14.4;8.0;1.3;5.8
2019;Japeri;89.5;83.6;9.1;9.4;1.4;7.0
2019;Laje do Muriaé;91.4;89.7;7.9;4.9;0.7;5.4
2019;Macaé;91.4;79.5;7.9;14.6;0.7;5.9
2019;Macuco;89.3;90.4;10.4;7.5;0.3;2.1
2019;Magé;93.9;82.2;5.5;11.0;0.6;6.8
2019;Mangaratiba;88.5;74.8;10.8;16.0;0.7;9.2
2019;Maricá;94.4;77.1;5.4;17.4;0.2;5.5
2019;Mendes;89.3;87.8;10.1;9.6;0.6;2.6
2019;Mesquita;90.8;80.3;8.0;11.9;1.2;7.8
2019;Miguel Pereira;90.0;92.8;9.5;4.9;0.5;2.3
2019;Miracema;98.8;96.4;1.2;3.4;0.0;0.2
2019;Natividade;95.6;96.3;4.2;3.7;0.2;0.0
2019;Nilópolis;94.3;84.7;4.8;11.3;0.9;4.0
2019;Niterói;90.2;81.6;8.6;13.4;1.2;5.0
2019;Nova Friburgo;88.6;86.3;10.8;10.8;0.6;2.9
2019;Nova Iguaçu;88.8;86.2;9.5;8.6;1.7;5.2
2019;Paracambi;89.3;86.4;9.7;8.3;1.0;5.3
2019;Paraíba do Sul;90.9;89.5;8.6;8.8;0.5;1.7
2019;Paraty;90.0;80.9;9.7;18.0;0.3;1.1
2019;Paty do Alferes;91.9;83.3;8.0;11.9;0.1;4.8
2019;Petrópolis;87.2;84.7;12.1;10.4;0.7;4.9
2019;Pinheiral;86.6;92.8;12.7;6.5;0.7;0.7
2019;Piraí;92.0;80.5;7.6;10.1;0.4;9.4
2019;Porciúncula;91.3;93.2;8.0;4.7;0.7;2.1
2019;Porto Real;93.2;80.9;6.8;11.0;0.0;8.1
2019;Quatis;88.3;80.9;11.5;12.7;0.2;6.4
2019;Queimados;91.5;83.9;7.2;9.9;1.3;6.2
2019;Quissamã;94.2;82.9;5.7;11.3;0.1;5.8
2019;Resende;91.9;81.1;7.7;14.5;0.4;4.4
2019;Rio Bonito;87.9;84.1;11.2;11.9;0.9;4.0
2019;Rio Claro;86.9;88.8;12.5;8.9;0.6;2.3
2019;Rio das Flores;86.4;92.7;13.0;4.7;0.6;2.6
2019;Rio das Ostras;94.3;82.0;5.4;15.6;0.3;2.4
2019;Rio de Janeiro;94.9;78.2;4.5;14.9;0.6;6.9
2019;Santa Maria Madalena;87.1;94.3;12.1;5.0;0.8;0.7
2019;Santo Antônio de Pádua;93.8;91.5;6.0;8.1;0.2;0.4
2019;São Francisco de Itabapoana;83.3;81.2;15.8;11.5;0.9;7.3
2019;São Fidélis;88.3;93.0;11.3;6.3;0.4;0.7
2019;São Gonçalo;86.6;83.0;11.7;12.6;1.7;4.4
2019;São João da Barra;84.2;88.2;14.6;9.5;1.2;2.3
2019;São João de Meriti;88.8;84.4;9.4;9.9;1.8;5.7
2019;São José de Ubá;91.9;86.9;7.3;9.8;0.8;3.3
2019;São José do Vale do Rio Preto;86.1;87.4;12.5;5.7;1.4;6.9
2019;São Pedro da Aldeia;86.2;82.2;12.1;12.1;1.7;5.7
2019;São Sebastião do Alto;84.4;97.3;15.1;2.1;0.5;0.6
2019;Sapucaia;86.3;90.7;13.7;8.1;0.0;1.2
2019;Saquarema;85.9;81.8;13.8;12.3;0.3;5.9
2019;Seropédica;84.9;86.4;14.5;9.3;0.6;4.3
2019;Silva Jardim;84.9;78.8;14.6;16.0;0.5;5.2
2019;Sumidouro;83.9;91.4;15.8;3.4;0.3;5.2
2019;Tanguá;84.8;67.1;14.4;19.6;0.8;13.3
2019;Teresópolis;93.4;83.0;6.2;12.4;0.4;4.6
2019;Trajano de Moraes;88.9;91.8;11.0;7.9;0.1;0.3
2019;Três Rios;91.2;89.8;7.8;6.8;1.0;3.4
2019;Valença;83.6;88.7;15.9;7.9;0.5;3.4
2019;Varre-Sai;88.5;94.3;11.5;5.7;0.0;0.0
2019;Vassouras;85.7;83.3;14.1;13.2;0.2;3.5
2019;Volta Redonda;92.0;85.8;7.4;10.7;0.6;3.5
2018;Angra dos Reis;85.8;80.7;13.0;15.2;1.2;4.1
2018;Aperibé;88.3;93.8;11.6;5.8;0.1;0.4
2018;Araruama;83.9;82.0;15.0;12.1;1.1;5.9
2018;Areal;89.3;88.4;10.4;10.9;0.3;0.7
2018;Armação dos Búzios;86.2;77.4;11.8;14.7;2.0;7.9
2018;Arraial do Cabo;87.4;84.3;12.1;10.9;0.5;4.8
2018;Barra do Piraí;85.2;87.6;14.3;9.3;0.5;3.1
2018;Barra Mansa;86.5;81.5;12.8;13.4;0.7;5.1
2018;Belford Roxo;89.3;83.2;8.5;11.5;2.2;5.3
2018;Bom Jardim;83.6;88.8;15.9;8.6;0.5;2.6
2018;Bom Jesus do Itabapoana;94.6;90.2;5.1;9.0;0.3;0.8
2018;Cabo Frio;81.4;83.5;15.5;12.4;3.1;4.1
2018;Cachoeiras de Macacu;80.7;85.2;18.1;13.3;1.2;1.5
2018;Cambuci;97.4;90.6;2.4;8.8;0.2;0.6
2018;Carapebus;91.4;91.7;8.3;2.2;0.3;6.1
2018;Comendador Levy Gasparian;85.7;85.5;14.2;4.8;0.1;9.7
2018;Campos dos Goytacazes;82.3;85.5;14.7;10.8;3.0;3.7
2018;Cantagalo;83.7;87.8;15.6;10.7;0.7;1.5
2018;Cardoso Moreira;84.7;94.1;13.9;4.1;1.4;1.8
2018;Carmo;87.4;90.3;12.2;9.7;0.4;0.0
2018;Casimiro de Abreu;85.7;82.3;13.3;11.6;1.0;6.1
2018;Conceição de Macabu;91.3;94.4;7.9;3.8;0.8;1.8
2018;Cordeiro;90.7;89.3;9.1;8.4;0.2;2.3
2018;Duas Barras;85.3;94.0;14.5;6.0;0.2;0.0
2018;Duque de Caxias;85.3;81.0;13.3;13.7;1.4;5.3
2018;Engenheiro Paulo de Frontin;93.1;95.7;6.5;2.6;0.4;1.7
2018;Guapimirim;83.3;78.8;15.6;14.6;1.1;6.6
2018;Iguaba Grande;89.7;78.9;9.7;14.8;0.6;6.3
2018;Itaboraí;85.8;80.7;12.7;14.0;1.5;5.3
2018;Itaguaí;84.3;85.5;13.8;10.3;1.9;4.2
2018;Italva;84.2;95.6;15.6;4.1;0.2;0.3
2018;Itaocara;90.4;91.4;9.2;8.6;0.4;0.0
2018;Itaperuna;91.2;91.2;8.6;8.3;0.2;0.5
2018;Itatiaia;83.8;81.5;14.7;13.3;1.5;5.2
2018;Japeri;90.3;86.8;7.9;7.9;1.8;5.3
2018;Laje do Muriaé;84.6;80.4;14.6;18.3;0.8;1.3
2018;Macaé;89.8;79.2;9.4;17.5;0.8;3.3
2018;Macuco;86.7;89.8;13.1;4.3;0.2;5.9
2018;Magé;85.8;83.3;13.3;11.2;0.9;5.5
2018;Mangaratiba;85.4;72.2;14.0;20.8;0.6;7.0
2018;Maricá;93.5;85.7;5.7;11.7;0.8;2.6
2018;Mendes;90.2;85.7;8.5;9.3;1.3;5.0
2018;Mesquita;89.5;81.3;9.3;13.6;1.2;5.1
2018;Miguel Pereira;90.1;90.7;9.3;7.0;0.6;2.3
2018;Miracema;87.3;95.6;12.4;3.8;0.3;0.6
2018;Natividade;95.6;95.2;4.3;4.3;0.1;0.5
2018;Nilópolis;92.6;84.1;6.1;12.5;1.3;3.4
2018;Niterói;89.6;81.8;9.3;15.4;1.1;2.8
2018;Nova Friburgo;85.9;86.6;13.2;12.0;0.9;1.4
2018;Nova Iguaçu;88.1;84.0;10.4;11.1;1.5;4.9
2018;Paracambi;88.5;84.7;10.6;10.9;0.9;4.4
2018;Paraíba do Sul;87.1;87.2;12.3;9.7;0.6;3.1
2018;Paraty;90.2;85.9;9.0;13.3;0.8;0.8
2018;Paty do Alferes;83.4;79.2;16.3;16.8;0.3;4.0
2018;Petrópolis;87.6;84.8;11.6;10.7;0.8;4.5
2018;Pinheiral;85.5;90.6;13.6;8.0;0.9;1.4
2018;Piraí;89.6;79.0;10.2;13.3;0.2;7.7
2018;Porciúncula;90.2;92.9;9.1;5.5;0.7;1.6
2018;Porto Real;92.9;85.2;7.0;11.0;0.1;3.8
2018;Quatis;92.2;73.9;7.5;16.7;0.3;9.4
2018;Queimados;87.2;82.8;11.6;12.0;1.2;5.2
2018;Quissamã;91.7;81.8;7.6;14.6;0.7;3.6
2018;Resende;91.4;83.6;8.1;13.7;0.5;2.7
2018;Rio Bonito;85.9;82.3;13.1;15.2;1.0;2.5
2018;Rio Claro;84.7;88.6;14.9;6.8;0.4;4.6
2018;Rio das Flores;83.4;89.0;16.6;7.1;0.0;3.9
2018;Rio das Ostras;91.9;86.6;7.6;10.8;0.5;2.6
2018;Rio de Janeiro;93.2;78.4;5.6;17.0;1.2;4.6
2018;Santa Maria Madalena;84.1;90.4;14.4;7.8;1.5;1.8
2018;Santo Antônio de Pádua;91.2;91.8;8.5;7.5;0.3;0.7
2018;São Francisco de Itabapoana;84.1;83.0;14.5;10.8;1.4;6.2
2018;São Fidélis;88.1;90.3;11.3;8.7;0.6;1.0
2018;São Gonçalo;85.0;82.4;12.9;14.7;2.1;2.9
2018;São João da Barra;81.7;88.0;15.8;9.6;2.5;2.4
2018;São João de Meriti;88.5;83.0;9.8;12.5;1.7;4.5
2018;São José de Ubá;90.3;85.1;9.7;14.9;0.0;0.0
2018;São José do Vale do Rio Preto;84.9;86.7;12.8;7.4;2.3;5.9
2018;São Pedro da Aldeia;87.2;82.8;11.6;14.2;1.2;3.0
2018;São Sebastião do Alto;82.8;89.4;15.6;6.7;1.6;3.9
2018;Sapucaia;85.3;91.1;14.5;8.0;0.2;0.9
2018;Saquarema;81.9;80.6;17.4;14.1;0.7;5.3
2018;Seropédica;81.9;86.2;16.8;10.9;1.3;2.9
2018;Silva Jardim;86.8;75.4;12.5;18.4;0.7;6.2
2018;Sumidouro;82.9;85.6;16.9;6.4;0.2;8.0
2018;Tanguá;85.2;72.8;14.3;20.2;0.5;7.0
2018;Teresópolis;92.8;85.6;6.6;11.2;0.6;3.2
2018;Trajano de Moraes;86.4;85.7;13.2;12.9;0.4;1.4
2018;Três Rios;85.9;90.0;13.3;8.1;0.8;1.9
2018;Valença;83.2;90.1;16.1;7.0;0.7;2.9
2018;Varre-Sai;87.6;88.5;11.9;8.4;0.5;3.1
2018;Vassouras;86.6;86.4;13.1;12.1;0.3;1.5
2018;Volta Redonda;90.6;85.5;8.8;10.9;0.6;3.6
2017;Angra dos Reis;84.3;80.5;14.2;15.1;1.5;4.4
2017;Aperibé;92.7;88.9;7.2;11.1;0.1;0.0
2017;Araruama;85.6;81.9;13.5;12.2;0.9;5.9
2017;Areal;89.9;89.7;9.8;9.4;0.3;0.9
2017;Armação dos Búzios;88.4;72.6;10.1;19.4;1.5;8.0
2017;Arraial do Cabo;81.7;87.8;16.7;10.0;1.6;2.2
2017;Barra do Piraí;84.6;85.6;14.7;11.1;0.7;3.3
2017;Barra Mansa;86.0;82.8;13.0;14.0;1.0;3.2
2017;Belford Roxo;85.9;82.4;11.2;12.4;2.9;5.2
2017;Bom Jardim;82.5;87.3;16.8;9.8;0.7;2.9
2017;Bom Jesus do Itabapoana;93.8;87.9;5.9;10.6;0.3;1.5
2017;Cabo Frio;84.6;85.3;13.1;11.9;2.3;2.8
2017;Cachoeiras de Macacu;82.8;83.9;17.0;14.2;0.2;1.9
2017;Cambuci;94.8;90.4;4.8;9.1;0.4;0.5
2017;Carapebus;90.6;91.3;9.1;8.7;0.3;0.0
2017;Comendador Levy Gasparian;86.1;81.0;13.9;14.4;0.0;4.6
2017;Campos dos Goytacazes;83.4;85.6;14.7;11.0;1.9;3.4
2017;Cantagalo;86.5;87.6;12.9;11.1;0.6;1.3
2017;Cardoso Moreira;81.8;91.1;17.3;8.0;0.9;0.9
2017;Carmo;86.0;89.8;13.7;10.2;0.3;0.0
2017;Casimiro de Abreu;88.6;83.7;10.4;11.5;1.0;4.8
2017;Conceição de Macabu;90.2;90.0;9.1;7.9;0.7;2.1
2017;Cordeiro;93.9;89.2;5.9;8.0;0.2;2.8
2017;Duas Barras;82.6;95.7;17.1;3.4;0.3;0.9
2017;Duque de Caxias;85.2;80.6;13.2;14.0;1.6;5.4
2017;Engenheiro Paulo de Frontin;90.2;95.5;9.0;3.8;0.8;0.7
2017;Guapimirim;86.1;86.0;12.6;11.0;1.3;3.0
2017;Iguaba Grande;87.7;80.2;11.7;15.6;0.6;4.2
2017;Itaboraí;85.1;82.8;13.4;12.7;1.5;4.5
2017;Itaguaí;84.0;84.0;14.2;12.2;1.8;3.8
2017;Italva;85.2;92.5;14.7;7.5;0.1;0.0
2017;Itaocara;88.4;90.1;11.3;9.5;0.3;0.4
2017;Itaperuna;94.1;90.9;5.9;7.5;0.0;1.6
2017;Itatiaia;86.9;90.1;11.5;5.9;1.6;4.0
2017;Japeri;88.6;83.2;9.3;10.6;2.1;6.2
2017;Laje do Muriaé;83.5;76.1;15.7;20.2;0.8;3.7
2017;Macaé;88.7;81.2;10.1;15.2;1.2;3.6
2017;Macuco;91.1;88.4;8.7;8.2;0.2;3.4
2017;Magé;85.4;82.1;13.5;13.5;1.1;4.4
2017;Mangaratiba;88.9;69.3;10.1;24.6;1.0;6.1
2017;Maricá;89.5;85.1;9.5;12.8;1.0;2.1
2017;Mendes;93.0;82.4;6.2;10.9;0.8;6.7
2017;Mesquita;88.4;80.5;10.1;15.4;1.5;4.1
2017;Miguel Pereira;84.0;83.2;15.7;12.6;0.3;4.2
2017;Miracema;90.7;92.6;9.1;7.1;0.2;0.3
2017;Natividade;93.2;92.4;6.6;7.6;0.2;0.0
2017;Nilópolis;91.0;82.6;7.6;14.1;1.4;3.3
2017;Niterói;89.3;82.7;9.5;14.1;1.2;3.2
2017;Nova Friburgo;87.0;84.9;12.4;13.2;0.6;1.9
2017;Nova Iguaçu;87.7;83.0;10.7;13.0;1.6;4.0
2017;Paracambi;87.5;85.9;10.9;10.4;1.6;3.7
2017;Paraíba do Sul;87.1;86.0;12.3;10.1;0.6;3.9
2017;Paraty;92.4;83.7;6.5;14.5;1.1;1.8
2017;Paty do Alferes;86.6;83.4;12.5;10.6;0.9;6.0
2017;Petrópolis;87.2;83.9;12.0;11.2;0.8;4.9
2017;Pinheiral;85.0;89.7;14.2;9.4;0.8;0.9
2017;Piraí;88.8;84.2;10.5;11.0;0.7;4.8
2017;Porciúncula;87.6;89.8;11.4;6.2;1.0;4.0
2017;Porto Real;90.3;90.0;9.7;8.9;0.0;1.1
2017;Quatis;91.2;82.6;8.6;13.0;0.2;4.4
2017;Queimados;88.5;78.8;10.4;15.9;1.1;5.3
2017;Quissamã;89.3;83.0;9.9;15.7;0.8;1.3
2017;Resende;90.3;83.5;9.2;13.4;0.5;3.1
2017;Rio Bonito;84.5;79.1;14.5;18.9;1.0;2.0
2017;Rio Claro;86.5;86.7;13.2;9.5;0.3;3.8
2017;Rio das Flores;79.1;82.3;20.6;15.2;0.3;2.5
2017;Rio das Ostras;91.0;87.2;8.6;11.5;0.4;1.3
2017;Rio de Janeiro;92.3;79.3;6.4;16.0;1.3;4.7
2017;Santa Maria Madalena;76.0;76.5;23.1;20.2;0.9;3.3
2017;Santo Antônio de Pádua;93.5;91.4;6.3;7.7;0.2;0.9
2017;São Francisco de Itabapoana;77.9;82.5;20.3;12.3;1.8;5.2
2017;São Fidélis;88.0;86.7;11.6;12.0;0.4;1.3
2017;São Gonçalo;85.2;82.1;13.5;15.2;1.3;2.7
2017;São João da Barra;84.6;87.2;13.4;10.3;2.0;2.5
2017;São João de Meriti;87.1;82.6;10.9;14.5;2.0;2.9
2017;São José de Ubá;90.0;93.2;9.5;4.3;0.5;2.5
2017;São José do Vale do Rio Preto;85.5;84.9;12.5;10.1;2.0;5.0
2017;São Pedro da Aldeia;85.0;85.3;13.9;11.2;1.1;3.5
2017;São Sebastião do Alto;83.9;83.7;15.0;13.9;1.1;2.4
2017;Sapucaia;86.3;88.6;13.2;9.8;0.5;1.6
2017;Saquarema;83.9;82.4;15.0;13.0;1.1;4.6
2017;Seropédica;80.3;89.1;18.5;9.4;1.2;1.5
2017;Silva Jardim;85.2;80.3;14.2;14.1;0.6;5.6
2017;Sumidouro;85.6;91.7;14.2;7.3;0.2;1.0
2017;Tanguá;84.4;77.9;14.7;18.0;0.9;4.1
2017;Teresópolis;94.5;88.9;5.0;9.3;0.5;1.8
2017;Trajano de Moraes;85.3;87.2;14.4;12.5;0.3;0.3
2017;Três Rios;87.0;87.4;12.2;10.9;0.8;1.7
2017;Valença;85.2;89.1;14.1;7.9;0.7;3.0
2017;Varre-Sai;88.2;90.4;11.2;6.7;0.6;2.9
2017;Vassouras;83.8;80.8;15.9;16.3;0.3;2.9
2017;Volta Redonda;89.6;85.4;9.8;11.0;0.6;3.6
2016;Angra dos Reis;85.2;80.0;13.5;13.9;1.3;6.1
2016;Aperibé;92.9;91.0;7.0;6.0;0.1;3.0
2016;Araruama;84.8;80.7;14.3;11.5;0.9;7.8
2016;Areal;82.7;92.8;17.1;6.2;0.2;1.0
2016;Armação dos Búzios;85.2;65.6;13.3;19.8;1.5;14.6
2016;Arraial do Cabo;82.0;78.1;17.6;14.3;0.4;7.6
2016;Barra do Piraí;81.9;84.2;17.5;12.4;0.6;3.4
2016;Barra Mansa;86.2;79.5;12.9;16.4;0.9;4.1
2016;Belford Roxo;82.1;78.8;14.6;14.4;3.3;6.8
2016;Bom Jardim;81.9;79.9;16.3;12.2;1.8;7.9
2016;Bom Jesus do Itabapoana;93.4;87.1;6.5;12.4;0.1;0.5
2016;Cabo Frio;86.4;80.0;10.1;9.1;3.5;10.9
2016;Cachoeiras de Macacu;80.0;83.0;19.9;15.8;0.1;1.2
2016;Cambuci;92.7;93.0;7.3;7.0;0.0;0.0
2016;Carapebus;87.6;91.3;10.8;8.7;1.6;0.0
2016;Comendador Levy Gasparian;77.9;74.3;22.0;16.5;0.1;9.2
2016;Campos dos Goytacazes;84.9;79.4;12.7;13.2;2.4;7.4
2016;Cantagalo;86.0;89.4;13.2;9.7;0.8;0.9
2016;Cardoso Moreira;85.2;84.4;12.7;12.1;2.1;3.5
2016;Carmo;87.0;88.9;12.8;11.1;0.2;0.0
2016;Casimiro de Abreu;89.2;83.8;9.6;9.8;1.2;6.4
2016;Conceição de Macabu;91.3;87.4;8.0;8.8;0.7;3.8
2016;Cordeiro;91.8;87.7;7.1;8.1;1.1;4.2
2016;Duas Barras;85.1;92.4;14.8;7.6;0.1;0.0
2016;Duque de Caxias;85.5;78.6;12.4;13.6;2.1;7.8
2016;Engenheiro Paulo de Frontin;92.1;95.0;7.6;2.9;0.3;2.1
2016;Guapimirim;88.7;83.1;10.2;10.6;1.1;6.3
2016;Iguaba Grande;84.6;82.8;14.0;10.6;1.4;6.6
2016;Itaboraí;82.5;78.1;15.7;13.4;1.8;8.5
2016;Itaguaí;85.5;82.7;13.0;10.5;1.5;6.8
2016;Italva;81.9;87.9;17.4;12.1;0.7;0.0
2016;Itaocara;87.4;87.9;12.2;11.5;0.4;0.6
2016;Itaperuna;90.4;89.4;9.6;9.3;0.0;1.3
2016;Itatiaia;85.6;87.1;12.3;9.3;2.1;3.6
2016;Japeri;85.1;79.0;11.1;12.3;3.8;8.7
2016;Laje do Muriaé;85.6;81.7;13.2;17.5;1.2;0.8
2016;Macaé;85.3;75.2;13.6;16.5;1.1;8.3
2016;Macuco;88.5;89.2;10.4;6.1;1.1;4.7
2016;Magé;87.0;79.9;11.9;13.4;1.1;6.7
2016;Mangaratiba;84.9;75.8;14.4;17.4;0.7;6.8
2016;Maricá;83.5;81.8;15.4;9.8;1.1;8.4
2016;Mendes;87.5;80.0;11.0;6.7;1.5;13.3
2016;Mesquita;89.2;78.0;8.8;14.1;2.0;7.9
2016;Miguel Pereira;86.2;83.9;12.8;9.0;1.0;7.1
2016;Miracema;89.3;92.7;10.0;6.5;0.7;0.8
2016;Natividade;90.9;89.7;8.8;10.3;0.3;0.0
2016;Nilópolis;89.3;81.0;8.4;13.1;2.3;5.9
2016;Niterói;87.5;79.5;10.8;16.2;1.7;4.3
2016;Nova Friburgo;87.2;83.9;12.0;12.5;0.8;3.6
2016;Nova Iguaçu;86.4;81.2;11.6;12.8;2.0;6.0
2016;Paracambi;87.4;75.9;10.9;15.9;1.7;8.2
2016;Paraíba do Sul;86.4;84.9;13.1;11.8;0.5;3.3
2016;Paraty;89.9;83.8;9.5;13.3;0.6;2.9
2016;Paty do Alferes;86.7;81.4;12.4;10.2;0.9;8.4
2016;Petrópolis;85.7;82.4;13.4;10.4;0.9;7.2
2016;Pinheiral;80.6;86.3;18.3;11.3;1.1;2.4
2016;Piraí;87.2;80.3;12.3;11.8;0.5;7.9
2016;Porciúncula;85.9;86.8;13.2;11.3;0.9;1.9
2016;Porto Real;85.9;85.0;13.9;12.0;0.2;3.0
2016;Quatis;89.9;86.6;9.7;7.8;0.4;5.6
2016;Queimados;84.8;76.4;12.7;15.2;2.5;8.4
2016;Quissamã;85.9;89.2;12.9;10.5;1.2;0.3
2016;Resende;89.9;83.7;9.3;12.9;0.8;3.4
2016;Rio Bonito;85.4;83.1;13.6;12.9;1.0;4.0
2016;Rio Claro;84.1;84.1;15.4;9.6;0.5;6.3
2016;Rio das Flores;83.0;75.8;16.5;21.5;0.5;2.7
2016;Rio das Ostras;88.7;86.5;10.8;8.3;0.5;5.2
2016;Rio de Janeiro;91.4;74.3;7.1;17.8;1.5;7.9
2016;Santa Maria Madalena;79.3;82.3;19.4;17.7;1.3;0.0
2016;Santo Antônio de Pádua;93.2;89.1;6.4;9.4;0.4;1.5
2016;São Francisco de Itabapoana;77.4;75.3;20.1;15.3;2.5;9.4
2016;São Fidélis;86.8;81.8;12.6;16.5;0.6;1.7
2016;São Gonçalo;83.5;78.7;13.8;15.1;2.7;6.2
2016;São João da Barra;81.0;81.4;16.7;11.5;2.3;7.1
2016;São João de Meriti;86.1;80.0;11.5;13.5;2.4;6.5
2016;São José de Ubá;84.0;77.7;15.7;19.7;0.3;2.6
2016;São José do Vale do Rio Preto;86.2;86.4;13.5;4.9;0.3;8.7
2016;São Pedro da Aldeia;82.4;81.7;16.1;10.7;1.5;7.6
2016;São Sebastião do Alto;83.4;82.3;15.6;14.4;1.0;3.3
2016;Sapucaia;85.2;84.5;14.6;11.7;0.2;3.8
2016;Saquarema;82.3;80.1;16.8;14.1;0.9;5.8
2016;Seropédica;85.2;82.2;13.4;12.6;1.4;5.2
2016;Silva Jardim;83.5;77.9;15.3;16.6;1.2;5.5
2016;Sumidouro;86.0;90.1;13.1;9.6;0.9;0.3
2016;Tanguá;84.5;71.6;14.7;18.1;0.8;10.3
2016;Teresópolis;91.1;83.1;8.3;9.5;0.6;7.4
2016;Trajano de Moraes;86.0;87.0;13.2;12.4;0.8;0.6
2016;Três Rios;87.2;86.5;12.0;10.0;0.8;3.5
2016;Valença;85.8;84.8;13.1;11.6;1.1;3.6
2016;Varre-Sai;87.3;90.7;11.6;6.3;1.1;3.0
2016;Vassouras;84.0;81.5;15.1;14.1;0.9;4.4
2016;Volta Redonda;87.9;80.2;11.3;13.5;0.8;6.3
2015;Angra dos Reis;85.9;86.2;12.8;11.8;1.3;2.0
2015;Aperibé;92.6;92.4;7.3;5.7;0.1;1.9
2015;Araruama;85.2;86.5;13.8;9.5;1.0;4.0
2015;Areal;87.9;89.5;11.3;6.9;0.8;3.6
2015;Armação dos Búzios;85.6;67.2;12.9;25.0;1.5;7.8
2015;Arraial do Cabo;79.2;82.5;20.5;15.2;0.3;2.3
2015;Barra do Piraí;84.8;88.0;14.3;10.0;0.9;2.0
2015;Barra Mansa;86.7;84.0;12.5;13.8;0.8;2.2
2015;Belford Roxo;83.2;82.5;14.0;13.1;2.8;4.4
2015;Bom Jardim;82.3;84.0;16.4;10.7;1.3;5.3
2015;Bom Jesus do Itabapoana;95.6;90.9;4.3;8.8;0.1;0.3
2015;Cabo Frio;84.2;82.9;13.7;12.0;2.1;5.1
2015;Cachoeiras de Macacu;84.1;84.1;15.7;14.3;0.2;1.6
2015;Cambuci;95.4;93.9;4.4;6.1;0.2;0.0
2015;Carapebus;89.6;91.0;9.1;6.1;1.3;2.9
2015;Comendador Levy Gasparian;83.8;90.0;15.9;8.4;0.3;1.6
2015;Campos dos Goytacazes;87.6;84.2;10.8;12.4;1.6;3.4
2015;Cantagalo;85.7;91.7;13.8;8.2;0.5;0.1
2015;Cardoso Moreira;81.7;89.1;17.1;8.4;1.2;2.5
2015;Carmo;89.3;95.0;10.3;5.0;0.4;0.0
2015;Casimiro de Abreu;89.4;83.6;9.4;11.4;1.2;5.0
2015;Conceição de Macabu;89.6;90.4;9.7;8.8;0.7;0.8
2015;Cordeiro;92.7;90.8;6.5;7.5;0.8;1.7
2015;Duas Barras;87.0;96.3;12.7;3.7;0.3;0.0
2015;Duque de Caxias;84.8;82.2;13.6;13.1;1.6;4.7
2015;Engenheiro Paulo de Frontin;93.9;96.8;5.7;1.5;0.4;1.7
2015;Guapimirim;86.9;91.7;11.8;5.5;1.3;2.8
2015;Iguaba Grande;86.5;80.3;12.4;17.2;1.1;2.5
2015;Itaboraí;83.6;81.7;14.6;13.5;1.8;4.8
2015;Itaguaí;84.9;87.6;13.5;9.5;1.6;2.9
2015;Italva;84.9;91.8;14.7;8.2;0.4;0.0
2015;Itaocara;91.2;93.7;8.3;6.3;0.5;0.0
2015;Itaperuna;91.6;92.3;8.3;6.3;0.1;1.4
2015;Itatiaia;85.1;87.0;13.1;6.8;1.8;6.2
2015;Japeri;86.4;82.5;10.5;13.3;3.1;4.2
2015;Laje do Muriaé;85.6;80.1;13.5;18.1;0.9;1.8
2015;Macaé;86.0;82.7;12.7;14.2;1.3;3.1
2015;Macuco;90.8;89.7;9.0;7.0;0.2;3.3
2015;Magé;87.5;83.5;11.0;12.8;1.5;3.7
2015;Mangaratiba;87.2;75.8;11.8;20.8;1.0;3.4
2015;Maricá;84.7;85.2;14.0;11.9;1.3;2.9
2015;Mendes;85.8;89.1;13.3;7.0;0.9;3.9
2015;Mesquita;90.1;83.9;8.3;14.2;1.6;1.9
2015;Miguel Pereira;87.6;86.0;12.1;12.9;0.3;1.1
2015;Miracema;93.1;95.8;6.5;4.2;0.4;0.0
2015;Natividade;92.5;92.7;6.7;7.1;0.8;0.2
2015;Nilópolis;91.2;86.1;7.4;12.2;1.4;1.7
2015;Niterói;87.9;81.7;11.0;15.8;1.1;2.5
2015;Nova Friburgo;87.6;86.6;11.9;10.9;0.5;2.5
2015;Nova Iguaçu;86.8;84.4;11.7;12.2;1.5;3.4
2015;Paracambi;88.2;84.7;10.4;10.4;1.4;4.9
2015;Paraíba do Sul;87.2;86.7;12.3;11.1;0.5;2.2
2015;Paraty;90.3;86.6;8.8;11.9;0.9;1.5
2015;Paty do Alferes;89.7;80.4;9.4;15.2;0.9;4.4
2015;Petrópolis;86.9;85.5;12.2;10.6;0.9;3.9
2015;Pinheiral;79.7;86.6;19.2;12.5;1.1;0.9
2015;Piraí;88.5;82.1;10.8;13.2;0.7;4.7
2015;Porciúncula;88.8;91.6;10.9;7.9;0.3;0.5
2015;Porto Real;85.5;95.3;13.5;4.0;1.0;0.7
2015;Quatis;83.7;88.7;15.4;8.2;0.9;3.1
2015;Queimados;86.1;80.1;12.6;16.2;1.3;3.7
2015;Quissamã;88.2;88.6;10.6;11.1;1.2;0.3
2015;Resende;91.9;85.1;7.6;12.6;0.5;2.3
2015;Rio Bonito;84.6;85.2;14.8;11.6;0.6;3.2
2015;Rio Claro;87.2;89.0;12.1;6.1;0.7;4.9
2015;Rio das Flores;82.4;89.4;17.3;9.7;0.3;0.9
2015;Rio das Ostras;89.9;89.0;9.7;9.1;0.4;1.9
2015;Rio de Janeiro;90.1;80.6;8.4;15.0;1.5;4.4
2015;Santa Maria Madalena;84.8;97.0;14.3;3.0;0.9;0.0
2015;Santo Antônio de Pádua;95.0;94.6;5.0;4.5;0.0;0.9
2015;São Francisco de Itabapoana;76.6;80.5;21.6;14.6;1.8;4.9
2015;São Fidélis;88.2;86.9;11.4;12.5;0.4;0.6
2015;São Gonçalo;83.9;82.0;14.0;15.2;2.1;2.8
2015;São João da Barra;81.7;89.2;16.5;8.2;1.8;2.6
2015;São João de Meriti;88.2;84.4;9.9;12.4;1.9;3.2
2015;São José de Ubá;91.8;92.2;7.7;7.8;0.5;0.0
2015;São José do Vale do Rio Preto;84.3;94.9;15.3;3.2;0.4;1.9
2015;São Pedro da Aldeia;84.4;85.4;14.0;11.0;1.6;3.6
2015;São Sebastião do Alto;84.5;87.8;14.6;10.6;0.9;1.6
2015;Sapucaia;86.6;91.1;12.9;6.8;0.5;2.1
2015;Saquarema;86.1;84.1;13.6;12.4;0.3;3.5
2015;Seropédica;83.4;86.9;15.8;10.5;0.8;2.6
2015;Silva Jardim;84.8;83.2;13.4;10.1;1.8;6.7
2015;Sumidouro;81.0;94.1;17.5;5.9;1.5;0.0
2015;Tanguá;83.0;79.2;15.7;15.0;1.3;5.8
2015;Teresópolis;89.9;86.6;9.4;10.4;0.7;3.0
2015;Trajano de Moraes;93.1;92.5;6.7;6.9;0.2;0.6
2015;Três Rios;86.9;89.2;12.0;9.1;1.1;1.7
2015;Valença;84.5;89.3;14.8;7.3;0.7;3.4
2015;Varre-Sai;88.3;92.7;11.4;6.9;0.3;0.4
2015;Vassouras;85.7;86.5;13.9;10.9;0.4;2.6
2015;Volta Redonda;87.3;87.0;11.7;10.0;1.0;3.0
2014;Angra dos Reis;85.0;83.0;13.7;13.8;1.3;3.2
2014;Aperibé;95.3;88.6;4.7;11.4;0.0;0.0
2014;Araruama;82.7;86.7;16.3;9.3;1.0;4.0
2014;Areal;86.4;89.0;12.9;10.6;0.7;0.4
2014;Armação dos Búzios;87.4;68.4;10.8;22.8;1.8;8.8
2014;Arraial do Cabo;78.0;76.8;21.2;18.9;0.8;4.3
2014;Barra do Piraí;85.9;86.3;13.0;11.7;1.1;2.0
2014;Barra Mansa;86.7;82.6;12.1;14.2;1.2;3.2
2014;Belford Roxo;81.9;78.6;14.8;13.5;3.3;7.9
2014;Bom Jardim;84.7;87.4;13.7;7.2;1.6;5.4
2014;Bom Jesus do Itabapoana;95.9;93.0;3.9;6.2;0.2;0.8
2014;Cabo Frio;82.6;82.2;14.9;10.5;2.5;7.3
2014;Cachoeiras de Macacu;84.6;85.6;15.0;12.4;0.4;2.0
2014;Cambuci;95.7;94.0;4.2;4.1;0.1;1.9
2014;Carapebus;87.5;86.1;11.1;6.2;1.4;7.7
2014;Comendador Levy Gasparian;86.0;85.0;14.0;11.8;0.0;3.2
2014;Campos dos Goytacazes;78.4;82.7;18.9;12.6;2.7;4.7
2014;Cantagalo;90.8;91.0;8.1;7.6;1.1;1.4
2014;Cardoso Moreira;79.2;87.1;17.5;7.9;3.3;5.0
2014;Carmo;91.3;95.1;8.3;4.9;0.4;0.0
2014;Casimiro de Abreu;87.9;85.0;10.8;7.7;1.3;7.3
2014;Conceição de Macabu;89.7;90.2;9.2;7.6;1.1;2.2
2014;Cordeiro;91.4;91.4;8.1;5.8;0.5;2.8
2014;Duas Barras;83.4;98.4;16.2;1.6;0.4;0.0
2014;Duque de Caxias;83.6;80.8;14.3;12.2;2.1;7.0
2014;Engenheiro Paulo de Frontin;92.6;97.7;6.4;1.1;1.0;1.2
2014;Guapimirim;86.7;88.9;11.6;6.7;1.7;4.4
2014;Iguaba Grande;85.7;78.2;12.3;17.7;2.0;4.1
2014;Itaboraí;83.2;80.6;15.0;12.9;1.8;6.5
2014;Itaguaí;84.7;85.5;13.8;9.2;1.5;5.3
2014;Italva;88.7;92.4;10.8;6.2;0.5;1.4
2014;Itaocara;92.0;94.1;7.6;5.9;0.4;0.0
2014;Itaperuna;92.0;91.9;7.9;7.6;0.1;0.5
2014;Itatiaia;85.1;79.4;13.2;12.5;1.7;8.1
2014;Japeri;82.1;79.1;14.1;13.5;3.8;7.4
2014;Laje do Muriaé;88.1;89.9;11.1;7.7;0.8;2.4
2014;Macaé;84.3;78.9;13.8;15.9;1.9;5.2
2014;Macuco;92.3;89.1;7.3;8.7;0.4;2.2
2014;Magé;86.9;83.1;11.6;10.6;1.5;6.3
2014;Mangaratiba;88.6;76.0;10.6;17.9;0.8;6.1
2014;Maricá;84.1;84.1;14.5;12.8;1.4;3.1
2014;Mendes;87.1;94.0;11.9;3.2;1.0;2.8
2014;Mesquita;87.7;83.4;10.4;11.3;1.9;5.3
2014;Miguel Pereira;86.3;89.7;12.7;7.4;1.0;2.9
2014;Miracema;95.0;97.1;4.7;2.9;0.3;0.0
2014;Natividade;94.5;97.6;5.1;2.4;0.4;0.0
2014;Nilópolis;89.1;83.0;8.8;11.8;2.1;5.2
2014;Niterói;85.9;80.1;12.5;16.1;1.6;3.8
2014;Nova Friburgo;88.1;86.2;11.1;10.8;0.8;3.0
2014;Nova Iguaçu;86.0;82.9;11.7;11.0;2.3;6.1
2014;Paracambi;87.1;81.6;11.2;12.6;1.7;5.8
2014;Paraíba do Sul;89.0;87.2;10.5;10.5;0.5;2.3
2014;Paraty;88.6;86.2;10.7;11.8;0.7;2.0
2014;Paty do Alferes;90.1;84.1;9.2;9.2;0.7;6.7
2014;Petrópolis;87.4;83.9;11.6;11.4;1.0;4.7
2014;Pinheiral;79.4;93.9;19.3;4.8;1.3;1.3
2014;Piraí;88.9;87.7;10.2;5.5;0.9;6.8
2014;Porciúncula;87.8;85.6;10.8;9.8;1.4;4.6
2014;Porto Real;83.2;88.3;16.4;8.3;0.4;3.4
2014;Quatis;84.3;74.0;14.4;18.8;1.3;7.2
2014;Queimados;84.6;79.8;13.0;13.3;2.4;6.9
2014;Quissamã;87.1;90.4;11.3;8.2;1.6;1.4
2014;Resende;89.2;85.2;10.0;11.7;0.8;3.1
2014;Rio Bonito;85.0;84.0;14.1;12.7;0.9;3.3
2014;Rio Claro;84.1;87.2;15.0;5.1;0.9;7.7
2014;Rio das Flores;81.1;92.0;18.3;6.1;0.6;1.9
2014;Rio das Ostras;88.4;85.8;11.1;11.1;0.5;3.1
2014;Rio de Janeiro;89.3;77.3;9.2;16.4;1.5;6.3
2014;Santa Maria Madalena;83.6;97.4;15.4;2.1;1.0;0.5
2014;Santo Antônio de Pádua;93.3;95.6;6.1;3.5;0.6;0.9
2014;São Francisco de Itabapoana;76.1;80.6;21.5;12.9;2.4;6.5
2014;São Fidélis;89.6;83.9;9.9;13.4;0.5;2.7
2014;São Gonçalo;82.4;80.6;15.0;16.1;2.6;3.3
2014;São João da Barra;81.7;90.9;16.0;6.7;2.3;2.4
2014;São João de Meriti;87.0;81.3;10.5;11.2;2.5;7.5
2014;São José de Ubá;89.8;88.7;10.2;11.3;0.0;0.0
2014;São José do Vale do Rio Preto;87.2;86.8;11.6;4.6;1.2;8.6
2014;São Pedro da Aldeia;83.7;82.7;14.4;9.7;1.9;7.6
2014;São Sebastião do Alto;89.1;87.9;10.1;6.1;0.8;6.0
2014;Sapucaia;85.6;92.0;14.0;7.7;0.4;0.3
2014;Saquarema;86.2;83.8;12.8;11.9;1.0;4.3
2014;Seropédica;86.4;88.5;12.7;9.5;0.9;2.0
2014;Silva Jardim;84.1;80.5;14.4;12.9;1.5;6.6
2014;Sumidouro;83.8;87.2;16.0;9.9;0.2;2.9
2014;Tanguá;81.2;73.3;17.1;15.3;1.7;11.4
2014;Teresópolis;87.5;85.8;11.6;11.5;0.9;2.7
2014;Trajano de Moraes;93.7;95.4;5.8;4.0;0.5;0.6
2014;Três Rios;86.8;86.1;12.6;11.5;0.6;2.4
2014;Valença;84.5;90.1;14.6;7.0;0.9;2.9
2014;Varre-Sai;89.8;93.6;9.8;5.7;0.4;0.7
2014;Vassouras;90.1;87.1;9.5;10.2;0.4;2.7
2014;Volta Redonda;87.6;84.5;11.2;10.9;1.2;4.6
